dataset,accuracy,accuracy_std,precision,precision_std,recall,recall_std,specificity,specificity_std,f1,f1_std,mcc,mcc_std,roc_auc,roc_auc_std
cresci2017,0.9971501843113826,0.0015604639736055566,0.9028571428571428,0.08201542911089899,0.8,0.11428571428571428,0.9991362759936143,0.0007052281044201609,0.8454212454212453,0.09411567386228116,0.8470336195168393,0.09218079947369064,0.9993009528153518,0.00042321866427845754
cresci2015,0.9928946861145024,0.0024891527024908347,0.7333333333333333,0.22607766610417562,0.4166666666666667,0.190029237516523,0.9984628500229522,0.0012550799849423665,0.5123809523809524,0.18955969987999585,0.5380589632682987,0.1806904368366424,0.9974372089973113,0.0018578706654051433
gilani,0.9894884063305117,0.0022192154680055814,0.0,0.0,0.0,0.0,0.999290780141844,0.0014184397163120365,0.0,0.0,-0.0012240718169313817,0.0024481436338627633,0.5118666933981572,0.1431248251891912
crescirtbust,0.9855072463768118,1.1102230246251565e-16,0.0,0.0,0.0,0.0,1.0,0.0,0.0,0.0,0.0,0.0,0.5058823529411764,0.193224325948904
midterm,0.9952278605624366,0.0013638923060620895,0.865151515151515,0.11240749691509945,0.6169117647058824,0.0627546714510349,0.9990112775439371,0.0008384272618626351,0.7195767195767196,0.07895839364848817,0.7280219463709707,0.08265003564677385,0.945204902539766,0.03246829181023845
botometerfeedback,0.9870129870129871,1.1102230246251565e-16,0.0,0.0,0.0,0.0,1.0,0.0,0.0,0.0,0.0,0.0,0.49078947368421055,0.2071522383695041
tb20,0.9899793079890478,0.00046085985723782926,0.0,0.0,0.0,0.0,0.9998091603053435,0.00038167938931299433,0.0,0.0,-0.0006009133613473479,0.0012018267226946958,0.5316301375265373,0.025568915826731996
tb22,0.9899705782113621,9.354335792292867e-06,0.07579365079365079,0.0626984126984127,0.0003452906450217397,0.0002819286570325762,0.9999662812802768,1.0002112850265127e-05,0.0006874166602427739,0.0005612735572535582,0.004534847146961758,0.004109896035591393,0.7743473836052954,0.003532542306317952
