dataset,accuracy,accuracy_std,precision,precision_std,recall,recall_std,specificity,specificity_std,f1,f1_std,mcc,mcc_std,roc_auc,roc_auc_std
cresci2017,0.9911917098445595,0.000969341291910351,0.9661912756912757,0.016392290234165764,0.9455544455544456,0.015249088434039722,0.9962569195364169,0.001955418833823605,0.9555189767540355,0.004542140738104846,0.9508486789229998,0.004988853902113753,0.9946230326871174,0.003300337229872405
cresci2015,0.9875448324304765,0.004278862679716368,0.9612749445676275,0.024685712830955053,0.9118393234672304,0.02744834226996615,0.9959013705816775,0.002609486491534179,0.935716893548219,0.022463367435400453,0.9293377955971994,0.02483027067184494,0.9928661984142864,0.007181745772970879
gilani,0.919108280254777,0.010191082802547768,0.7136764705882352,0.13308732350823332,0.3241935483870968,0.058187593572733703,0.9851389619828084,0.007207632366369358,0.4441244483939048,0.07597097784335238,0.4450316936678732,0.08764326923942746,0.8181142584780188,0.025972041788004198
crescirtbust,0.896561403508772,0.00985059208160929,0.2,0.24494897427831783,0.05357142857142857,0.06585388898066348,0.9882352941176471,0.011004874666982177,0.08444444444444446,0.10366136701947201,0.07794854907062901,0.11890913010262645,0.7536764705882353,0.06091740805270027
midterm,0.9704156492823538,0.005228397309932907,0.8961649472843044,0.02866500981515691,0.7964618249534451,0.028316968679414037,0.9897429397963462,0.0028335933499218117,0.8433252010500171,0.02776798069645002,0.8288385688520286,0.03061920428755742,0.9850769765854146,0.005836454188450546
botometerfeedback,0.9147899159663867,0.022502187043077167,0.65,0.33911649915626346,0.26666666666666666,0.14092945437739804,0.9868421052631579,0.008321783316232567,0.37230769230769234,0.1897117090334139,0.3781350981046246,0.2161378489990291,0.8201206140350876,0.061987043374441116
tb20,0.8936070064089495,0.0065815966113737705,0.30994588744588747,0.09155706250944291,0.041349837901562034,0.012725936853060836,0.9881633821095533,0.007669779957297049,0.07166716822073307,0.021842245362626408,0.0780878127180648,0.03451632519293143,0.7643053699936624,0.026107208287722044
tb22,0.898940790178362,0.00013881997607958588,0.41975174618457006,0.009430033585002572,0.027689130562900816,0.0008449257551357765,0.995745631004777,0.00015896778283609544,0.05194880543867534,0.0015220082995148546,0.08684217200345182,0.0024958138115827528,0.8068065005668787,0.000887220478198114
