dataset,accuracy,accuracy_std,precision,precision_std,recall,recall_std,specificity,specificity_std,f1,f1_std,mcc,mcc_std,roc_auc,roc_auc_std
cresci2017,0.9891758098985539,0.002479188770935269,0.9724296099048135,0.007429240129121768,0.9735034216995547,0.009385722123457138,0.993092281218253,0.0019071618677206368,0.9729326730326864,0.00623776784251161,0.9661944576717282,0.007788093417150677,0.9969144925498077,0.002556144013795768
cresci2015,0.9860655737704918,0.003973508079849453,0.9750768844046875,0.012280794549912535,0.9549337260677466,0.0177782577680574,0.9938527116532232,0.0030714701777910056,0.9647622910188961,0.010174824904004665,0.9562664773727342,0.012559849501555538,0.996363659141552,0.0020825291810039424
gilani,0.8488276436036555,0.021251873906197306,0.7007730364873221,0.09421491912210128,0.424989939637827,0.07535241085976573,0.9547227025536926,0.015045239651185387,0.5267997559019231,0.08126838394866889,0.4645176075761797,0.08984215797286384,0.8146212724811391,0.03156486324239558
crescirtbust,0.8258823529411764,0.029199232108213787,0.6340187590187589,0.15389586711650075,0.29411764705882354,0.11160979977064868,0.9588235294117646,0.02161314478926334,0.394967032967033,0.13279462399400388,0.34533182980626076,0.1391752675270443,0.8089100346020761,0.04693685853688625
midterm,0.9586752347998022,0.0028240942871153164,0.918708416259985,0.015352454742280105,0.8709705414985942,0.0207446959820753,0.9805970662047029,0.004206062116771045,0.8938867594284183,0.008039406627514538,0.8689637998470635,0.00921199761568244,0.9887464788069706,0.0026914942960249736
botometerfeedback,0.8357894736842105,0.019523407358938333,0.7182501708817497,0.18098339032787628,0.3894736842105263,0.07877173445839876,0.9473684210526315,0.04324125453988154,0.4838738805054595,0.02285708463119638,0.4342697522235566,0.05031032867968304,0.8245152354570637,0.05579216599147833
tb20,0.7881146962601834,0.006052285701408768,0.4392218799599533,0.032080586488490354,0.21924190576467492,0.023517605295961086,0.9303046873291192,0.0028048641480588467,0.29237692198850473,0.02787685603389042,0.19935558980748586,0.030315325262769966,0.7821583424687754,0.010069569805993986
tb22,0.8049863158571704,0.00035578167858157044,0.5248333093034185,0.0017926642845809792,0.26347157208440664,0.002083779705712383,0.940365007605385,0.0005253375995778104,0.35082086359461295,0.0020097977876404687,0.27129685378744123,0.0017683861279267287,0.8095417768647847,0.0008145943639151851
