dataset,accuracy,accuracy_std,precision,precision_std,recall,recall_std,specificity,specificity_std,f1,f1_std,mcc,mcc_std,roc_auc,roc_auc_std
cresci2017,0.9912474864135513,0.0028161042564125,0.9184415815336868,0.035261898265823335,0.9067567567567568,0.0639829942506836,0.9956826239296745,0.00203425384061676,0.910664440183891,0.03092010235531377,0.9071353145777403,0.03225935062236329,0.987303602401979,0.011213483916385866
cresci2015,0.9912373152928609,0.0024791891601332245,0.9572514619883041,0.021474333973275483,0.8633333333333333,0.046476775952596416,0.9979513410715457,0.001024333662558559,0.9070901265638108,0.02619086141271037,0.9042595369302706,0.02683826311361949,0.9847382201487062,0.013654946892456157
gilani,0.950236142182451,0.004443722714094461,0.35,0.3741657386773941,0.05333333333333333,0.049888765156985884,0.9971706387990877,0.004121246874079098,0.09164086687306501,0.08751484702937339,0.12651434570362508,0.13218130945236867,0.7413944291096386,0.04427425118770828
crescirtbust,0.94679186228482,0.005488475091314602,0.0,0.0,0.0,0.0,0.9941176470588236,0.007204381596421087,0.0,0.0,-0.010041928905068677,0.012298800925361817,0.6713235294117647,0.10142558441238997
midterm,0.9821531459258586,0.0019170643053133339,0.8829317292323176,0.02171344185378757,0.7411764705882353,0.038662768765070556,0.9948098560740771,0.0011452617389001206,0.8051888871476098,0.024091950644289373,0.7996325413435861,0.023795001278420044,0.9745982757560627,0.013621604564252406
botometerfeedback,0.9425000000000001,0.009999999999999964,0.2,0.24494897427831783,0.15,0.2,0.9842105263157895,0.00984646680729983,0.16666666666666666,0.21081851067789195,0.14835205344571806,0.21244414021971028,0.8335526315789474,0.05493913466742576
tb20,0.9486572670147249,0.0021207905457573265,0.42857142857142855,0.46947647786157093,0.010909090909090908,0.008907235428302466,0.9978993051758204,0.0021269344556737947,0.020737327188940093,0.01697892481745672,0.055075524973386525,0.06452553561091555,0.7400521366688605,0.02394792318072947
tb22,0.9497615768912123,7.46639222883352e-05,0.38406229851957596,0.03477568115566267,0.007953013414291915,0.0010801862648326219,0.9993302771062794,6.372511174774102e-05,0.015581206478886231,0.00209751632691498,0.049309252573717585,0.0059773319476196666,0.7992229729182927,0.0008351606098284498
