dataset,accuracy,accuracy_std,precision,precision_std,recall,recall_std,specificity,specificity_std,f1,f1_std,mcc,mcc_std,roc_auc,roc_auc_std
cresci2017,0.974102564102564,0.003382283579044326,0.9792802496026745,0.003945762658497765,0.9687179487179487,0.005710527551620515,0.9794871794871793,0.003972290611494816,0.9739578178217704,0.0034320504279400877,0.9482843091876433,0.006764477318883066,0.9927600262984878,0.0018128315658677457
cresci2015,0.9906425097502991,0.002319561873112463,0.9936318897618224,0.0021521174694458713,0.9876184355109572,0.0039306253789450785,0.9936653328633923,0.0021538646648484377,0.9906113505759769,0.002337977043817105,0.9813119523353947,0.004620683429093189,0.99905134891527,0.0004171754822765872
tb20,0.7275964435777793,0.004788920825674125,0.7001721024575251,0.006040247798158348,0.7962978653036122,0.009727628371530902,0.6588976650074414,0.011403845367696031,0.7450955002927574,0.0046327407346265035,0.4596387666287458,0.009526586213881751,0.8016461442586162,0.008094868081109236
tb22,0.7338990893444052,0.001542445326964879,0.7096713127870589,0.0015842722477798258,0.7916916603445813,0.004635631800279575,0.6761064774908876,0.003557311288268703,0.7484322618792046,0.0019835050870461073,0.47097037467490643,0.0032962889466597103,0.7993850656664035,0.0014903582241501383
