dataset,accuracy,accuracy_std,precision,precision_std,recall,recall_std,specificity,specificity_std,f1,f1_std,mcc,mcc_std,roc_auc,roc_auc_std
cresci2017,0.9869031599774176,0.0018397806529400432,0.9887414818461163,0.002911157882212177,0.9850314100304771,0.0023395542890340816,0.9887744904940601,0.002932495240886796,0.9868793355934343,0.0018390903852030284,0.9738202537735823,0.003685347985523021,0.9960952149689449,0.0015582321553911764
cresci2015,0.9815578318395219,0.0036733951264462765,0.9860769171359405,0.005224814682333321,0.9769401272214571,0.006297888750677686,0.9861669617679848,0.0052772928779846314,0.9814672535194605,0.0037290087879157155,0.9631948703939803,0.007338537414536791,0.9955412309508317,0.0025174995284187097
gilani,0.7362385321100918,0.005980919637800576,0.7509448528206669,0.015834769130310573,0.7082568807339451,0.020225144665182195,0.7642201834862385,0.026045999204730982,0.7285726647873694,0.006275231427244585,0.47371701541317834,0.012536193174112727,0.8136520494907836,0.006665383517233253
crescirtbust,0.7529411764705882,0.021106911903540186,0.7588530347299184,0.01594093072934201,0.7411764705882352,0.03789440801977976,0.7647058823529411,0.016109486985446047,0.7495855499822668,0.025424862019742332,0.5063791805981318,0.04163248115961305,0.8154844290657438,0.03222482346445124
midterm,0.9534108861040818,0.003908352949099176,0.9497055329941171,0.008004536668483057,0.9576128193401747,0.0012599319873121194,0.9492107398926988,0.008554560538634935,0.9536220385431479,0.003678010292508658,0.9068935048530504,0.007731111414216283,0.9900776464203789,0.001813826732200854
botometerfeedback,0.7733116883116884,0.06763054815703413,0.8100077700077699,0.11298474767438764,0.7412698412698413,0.04010882148728023,0.8055555555555556,0.138786810560616,0.7689727243005933,0.05257074612209918,0.5550790522186704,0.13948545516165461,0.8472978080120936,0.05812921925138838
tb20,0.7166301263070073,0.0150902879713744,0.685454738694321,0.016281851928850982,0.801788096852512,0.016344801591599453,0.6314590214134168,0.02813208922581652,0.7389120026487273,0.012330048875808656,0.43988007069939894,0.0294610765589982,0.7838574359033711,0.01459277236545911
tb22,0.7473864331103007,0.0008921947874680768,0.7296448392950055,0.0013418320052319195,0.7860271473562678,0.002894819001779062,0.708745664609159,0.0027416750401414052,0.7567826343757046,0.0011101462157192253,0.4962642868640044,0.0018155664541273096,0.8086794486366621,0.0005254014887184651
