,cresci2017,cresci2015,gilani,crescirtbust,midterm,botometerfeedback,tb20,tb22
cresci2017,0.8479097913984317,0.8548585305860245,0.08878264127851827,0.0,0.39812082999892495,0.12356041264304309,0.06927350685729086,-0.13194138804473687
cresci2015,0.36301573005020954,0.6450053633515515,0.0,0.0,0.09508135395185817,0.0,0.02802392396036154,0.11127375068882327
gilani,0.0,0.0,0.1834809096106731,0.0,-0.011117289099417834,0.08512565307587486,-0.03459896935357235,-0.0425101018228282
crescirtbust,0.05783273110110691,-0.013338867641338462,-0.021422560838887206,0.08606629658238704,0.018346559792650867,0.1353329904901917,0.06050989113661772,0.04745503901689144
midterm,0.2113171528932311,0.0730525378897161,-0.042874646285627205,0.022189373390928115,0.6394505563496242,0.08512565307587486,0.020931363470515458,0.10085706050957485
botometerfeedback,0.0,0.0,0.06891091270610286,0.03837647782266681,0.0,0.16071794642348758,0.008135101530124192,0.018853377611768373
tb20,0.0,0.0,0.03712200396915912,0.0,0.0,0.0,0.06345134844612761,-0.013703934485234838
tb22,0.011997792609221175,0.0,-0.021422560838887206,0.0,0.02486516128696203,0.0,0.0,0.0631582482551982
