,cresci2017,cresci2015,gilani,crescirtbust,midterm,botometerfeedback,tb20,tb22
cresci2017,0.9916868272522852,0.8328473519891012,0.13108871636892153,0.03145027318612195,0.7128462777248713,0.24712724192549748,0.33385803953554666,0.14590494916796842
cresci2015,0.5063389231927548,0.9898060539018595,-0.024324413164563862,0.0629005463722439,0.33046354671441447,0.1651383613407165,0.1025644258645503,0.22238083518695476
gilani,0.18923234442349937,-0.16836039702916797,0.9359694866307094,-0.030661469987884927,-0.121467609890341,0.26761546505252365,0.2647228767789264,-0.19381059382160695
crescirtbust,-0.061615734572801485,0.44745596318675573,0.030525901208215234,0.9970631360955553,0.04239531004930233,0.09348591974367806,0.0065077824887646695,0.1760057986581164
midterm,0.8402477124370136,0.69013900161111,-0.034179296351233165,0.065501767055301,0.9599055519185308,0.11826247919781652,0.2035315551067649,0.4034837168702436
botometerfeedback,0.37334852605175717,0.3008124769414847,0.28041494874343925,-0.01563836857789011,0.5803903633787588,0.8778955729143844,0.09180008466315874,-0.21254557714354175
tb20,0.22946260587934106,0.0008400410655711986,0.13344049582469944,0.01795184592614303,0.13218924789706396,-0.11582699457751038,0.9299729985236946,0.1386945920929199
tb22,0.5306429562998877,0.3806573428733256,-0.07412775809403009,0.20585462060177087,0.5866067306282093,-0.04428074427700476,0.2285927157989393,0.654145691562861
