,cresci2017,cresci2015,gilani,crescirtbust,midterm,botometerfeedback,tb20,tb22
cresci2017,0.9916868272522852,0.8421521755252281,0.1318467363707976,0.01721325931647741,0.7195761622618242,0.22541740866685808,0.29484347740139755,0.06593766410182687
cresci2015,0.49448158599087777,0.9882858193657813,-0.03712200396915912,0.022189373390928115,0.3508919168719932,0.18534061896456464,0.10176399320405384,0.22581811134230906
gilani,0.3766392957102274,0.002703817244825916,0.9439602348280316,-0.02512330207545211,-0.10756668701410868,0.27105237087157535,0.27379149571687456,-0.1732741726888169
crescirtbust,0.04554053213807275,0.5077839216934739,0.016823471468749945,0.9854006762498305,0.05189355165857169,0.09073573009305747,0.030952849965698942,0.18768109359128374
midterm,0.8415378381435533,0.7156247370367042,-0.056080571727615935,0.09724894767753209,0.9601439292774511,0.11239029738980327,0.18528623046265416,0.37329413571342496
botometerfeedback,0.4095081001658616,0.42638082661829485,0.21401359192103733,0.04942165002451799,0.5955833091201346,0.8461970117626564,0.22281840748417006,-0.2113797275029437
tb20,0.25847095335771,-0.00588028745899839,0.13981774545860098,-0.031549828922977134,0.17374028532804586,-0.03456505649101418,0.9312912242980277,0.14343093619094122
tb22,0.543060717266312,0.37692344804788536,-0.06309851653553032,0.21021102794144772,0.6020044730158948,0.04517539514526256,0.23320914041028756,0.6546789023439615
