,cresci2017,cresci2015,gilani,crescirtbust,midterm,botometerfeedback,tb20,tb22
cresci2017,0.9453591944553625,0.9098379758443021,0.06575260504892115,0.0,0.6820814441391003,0.18741229201639603,0.29206200692944795,0.07567049425184742
cresci2015,0.472710094664229,0.8915954961391584,0.0,0.0,0.13870724926619343,0.06008417681261096,0.031199733256384803,0.15600302217789672
gilani,-0.006932419423397525,0.0,0.3901536532574131,0.022189373390928115,-0.02486516128696203,0.17213259316477408,-0.0020274728349734135,-0.18008573124755523
crescirtbust,0.020783778356318634,-0.02773145472442877,0.0,0.16012815380508713,0.0035159214215813197,0.0,0.03143331103857122,-0.007210528372598722
midterm,0.6407655976871403,0.6931477145990684,-0.040730653998127836,0.01721325931647741,0.794152630665936,0.1016184601416154,0.08676034651887975,0.25947627300222526
botometerfeedback,0.14778901592451554,-0.03382668939041639,0.05502380668962988,0.11296730973114205,0.6329133375599393,0.3346640106136302,0.12291021642201498,0.050080416881912254
tb20,-0.011997792609221175,0.0,-0.01237400132305304,-0.03837647782266681,-0.021017495940589274,0.1044465935734187,0.15733073314834206,-0.02415943129167728
tb22,0.05236504966961674,0.009243818241476257,0.021422560838887206,0.03837647782266681,0.10872186687473212,0.06008417681261096,0.013819749820569553,0.1435830363643506
