,cresci2017,cresci2015,gilani,crescirtbust,midterm,botometerfeedback,tb20,tb22
cresci2017,0.9615891740302551,0.8757450349599714,0.015749984619163156,0.0,0.6816112510566992,0.20697593279264756,0.28230274027729596,0.14931065450677633
cresci2015,0.4837878188171729,0.942723514386207,-0.021422560838887206,0.0,0.16019481677646238,0.06008417681261096,0.04759549141662007,0.1603047429470358
gilani,-0.0508244523950148,-0.022639736366332933,0.48128828998750434,0.01721325931647741,-0.04528154741672477,0.17699808135119718,0.04013174288109916,-0.20807746625857687
crescirtbust,-0.09411305602960514,-0.04238223128098785,0.12625884343901897,0.3139204389701808,-0.024622866869599087,0.18291322825490772,-0.05373407951577823,-0.02578584574570694
midterm,0.8088196107813955,0.885257518341407,-0.06425263978050368,0.014569459746038821,0.827210927301589,0.1751334815937787,0.1295688186739473,0.2945671573651749
botometerfeedback,0.1871284536126552,-0.032075014954979206,0.1078781089155841,0.10159040647139325,0.6204191810780176,0.5635029237046572,0.09214658309934083,-0.009190964351291912
tb20,0.04821026964018952,0.09567719469031807,0.07361300493298799,-0.04370837923811646,-0.03617209733402719,0.03863337046431279,0.26183475181438864,-0.023845281378236934
tb22,0.08579131366661395,0.0625,0.0,0.12822812257858998,0.3074233303352698,0.06008417681261096,0.013180150233642031,0.25653486604492887
