,cresci2017,cresci2015,gilani,crescirtbust,midterm,botometerfeedback,tb20,tb22
cresci2017,0.9699392367076547,0.8721224689807873,0.06267828604851193,0.05431254465935684,0.67694172251807,0.20464687117164013,0.30669391797461093,0.1394511309712834
cresci2015,0.49432121405131924,0.9558461571635053,-0.030303030303030304,0.0,0.3173219426309362,0.08119979429411502,0.049896141513887105,0.1907784940141242
gilani,0.029652460504030174,-0.15736927120132807,0.6780066061046612,0.0,-0.08998705663886597,0.23079949707501782,0.1413022929821902,-0.27790167441711483
crescirtbust,-0.027784776068221374,-0.10774160511311943,-0.049385982092777565,0.5433581647846062,0.567719453436014,0.09901475429766743,0.034156405309031426,0.09109225064816527
midterm,0.7979126649814439,0.8410809369879318,-0.04739134599453801,0.011657102052599089,0.8849740447736277,0.09140375378674888,0.10838650811727132,0.3408695909099356
botometerfeedback,0.25184863545174124,0.02838526108177857,0.3236114549620729,0.036643313995287516,0.01929693937304939,0.8587782018658834,0.29094529682371584,-0.27080112247706556
tb20,0.02949761878158356,0.1083893400825978,0.07263827352425238,0.08683990226062259,0.14917723586390202,0.06694619270045785,0.47482546841889756,0.018924050973769157
tb22,0.407660169396332,0.34181650447132705,-0.029033149006010506,0.2202885034629011,0.567810781295746,-0.049416621110740085,0.07212327138861216,0.5725140935452591
