,cresci2017,cresci2015,tb20,tb22
cresci2017,0.9871554301166312,0.8191902826935789,0.40100515386406826,-0.09969579166133813
cresci2015,0.5916548083929526,0.9902885508974933,0.09016385204059207,0.20548321224274935
tb20,0.11061060806599468,0.040145429285560245,0.9571064084044147,0.06519190091577153
tb22,0.8045163891411018,0.5565825678454235,0.19763803129660149,0.6566294077530888
