dataset,accuracy,precision,recall,specificity,f1,mcc,roc_auc
cresci2015,0.6460554371002132,0.31266149870801035,0.6470588235294118,0.6458055925432756,0.42160278745644597,0.23767094698935928,0.6464322080363437
cresci2017,0.8375184638109305,0.639344262295082,0.30708661417322836,0.96,0.4148936170212766,0.36414978197343245,0.6335433070866141
twibot20,0.7142857142857143,0.18045112781954886,0.13114754098360656,0.8556291390728477,0.1518987341772152,-0.015021585221731623,0.49338834002822707
twibot22,0.662046908315565,0.205607476635514,0.23036649214659685,0.7724230254350736,0.21728395061728392,0.0026768862551736564,0.5013947587908353
