dataset,accuracy,precision,recall,specificity,f1,mcc,roc_auc
cresci2015,0.644,0.6305970149253731,0.6814516129032258,0.6071428571428571,0.6550387596899224,0.28933616869934137,0.6442972350230415
cresci2017,0.6121883656509696,0.891566265060241,0.2690909090909091,0.9662288930581614,0.41340782122905034,0.32656129678868834,0.6176599010745352
twibot20,0.508,0.489010989010989,0.12125340599455041,0.8785900783289817,0.19432314410480347,-0.000239622093565144,0.4999217421617661
twibot22,0.5013333333333333,0.49537037037037035,0.14343163538873996,0.8554376657824934,0.2224532224532225,-0.0016102475295635941,0.49943465058561665
