dataset,accuracy,precision,recall,specificity,f1,mcc,roc_auc
cresci2015,0.8759894459102903,0.0,0.0,0.8829787234042553,0.0,-0.032372082582190494,0.44148936170212766
cresci2017,0.8957952468007313,0.03636363636363636,0.3333333333333333,0.9020332717190388,0.06557377049180327,0.08151831698272448,0.6176833025261861
twibot20,0.7058047493403694,0.0045662100456621,0.16666666666666666,0.7101063829787234,0.008888888888888889,-0.024092052788028152,0.4383865248226951
twibot22,0.9076517150395779,0.0,0.0,0.9173333333333333,0.0,-0.03082517754825146,0.45866666666666667
