dataset,accuracy,precision,recall,specificity,f1,mcc,roc_auc
cresci2015,0.6542617046818727,0.16507936507936508,0.6753246753246753,0.6521164021164021,0.2653061224489796,0.1955776683615373,0.6637205387205387
cresci2017,0.9019933554817275,0.5,0.2542372881355932,0.9723756906077348,0.33707865168539325,0.3096364348328914,0.613306489371664
twibot20,0.7695078031212484,0.072,0.10588235294117647,0.8449197860962567,0.08571428571428572,-0.041699884037138965,0.47540106951871663
twibot22,0.7779111644657863,0.109375,0.16470588235294117,0.8475935828877005,0.13145539906103287,0.010323975088969031,0.5061497326203209
