dataset,accuracy,precision,recall,specificity,f1,mcc,roc_auc
cresci2015,0.6786666666666666,0.7574031890660592,0.7119914346895075,0.6236749116607774,0.7339955849889626,0.33025317748500277,0.6678331731751423
cresci2017,0.37866666666666665,0.9657142857142857,0.2686804451510334,0.9504132231404959,0.4203980099502488,0.19054382893563734,0.6095468341457646
twibot20,0.43533333333333335,0.5185185185185185,0.11475409836065574,0.8591331269349846,0.1879194630872483,-0.038964218328585654,0.4869436126478201
twibot22,0.742,0.15463917525773196,0.24193548387096775,0.8127853881278538,0.18867924528301888,0.045608681689388225,0.5273604359994108
