dataset,accuracy,precision,recall,specificity,f1,mcc,roc_auc
cresci2015,0.641318124207858,0.09333333333333334,0.717948717948718,0.6373333333333333,0.16519174041297935,0.15864308474124325,0.6776410256410257
cresci2017,0.9333333333333333,0.39285714285714285,0.34375,0.9684014869888475,0.3666666666666667,0.33247031598228627,0.6560757434944238
twibot20,0.8403041825095057,0.05102040816326531,0.13157894736842105,0.8761651131824234,0.07352941176470588,0.00502722641527233,0.5038720302754223
twibot22,0.6958174904942965,0.06550218340611354,0.36585365853658536,0.713903743315508,0.11111111111111112,0.03900335543595868,0.5398787009260466
