dataset,accuracy,accuracy_std,precision,precision_std,recall,recall_std,specificity,specificity_std,f1,f1_std,mcc,mcc_std,roc_auc,roc_auc_std
cresci2017,0.9928908177367898,0.0033655775964727313,0.72,0.3919183588453085,0.4166666666666667,0.29344694769431684,0.9984615384615385,0.002051282051282044,0.4847619047619047,0.28780820017974285,0.5201723061048413,0.2898083140611701,0.971474358974359,0.05513193189549878
cresci2015,0.9974338653368611,0.0010681725443697286,0.925,0.1,0.8285714285714286,0.10690449676496974,0.9991358613397466,0.001152530704945462,0.8646153846153846,0.05342693955133952,0.8694880298405252,0.052033661891008616,0.9991158394815642,0.0007107123104218719
tb20,0.9900783370567389,0.0004650197060478783,0.0,0.0,0.0,0.0,1.0,0.0,0.0,0.0,0.0,0.0,0.6074526847169699,0.06179689829403526
tb22,0.9900008477793756,2.844456770367665e-08,0.0,0.0,0.0,0.0,1.0,0.0,0.0,0.0,0.0,0.0,0.7611245096678984,0.006560623312425033
