dataset,accuracy,accuracy_std,precision,precision_std,recall,recall_std,specificity,specificity_std,f1,f1_std,mcc,mcc_std,roc_auc,roc_auc_std
cresci2017,0.9933984319499878,0.0025868196237180474,0.7266666666666667,0.16653327995729064,0.6166666666666667,0.23333333333333334,0.9969230769230769,0.002512297172085302,0.6263492063492064,0.1353647219983966,0.644823222733039,0.12489684951296254,0.9964529914529916,0.002037659538697795
cresci2015,0.9980048851660834,0.0014523935963966898,0.9714285714285715,0.05714285714285716,0.8285714285714285,0.13997084244475302,0.9997122302158274,0.000575539568345329,0.886113886113886,0.09140285925591718,0.8920628641198846,0.08263204320023107,0.9994035796476034,0.0006284668342528168
tb20,0.9893153421288176,0.0011091307650442266,0.0,0.0,0.0,0.0,0.9992291012870608,0.0007209856648026783,0.0,0.0,-0.0021431215428316273,0.0018226967855906851,0.6836216910719561,0.08617760027204235
tb22,0.9900008477793756,2.844456770367665e-08,0.0,0.0,0.0,0.0,1.0,0.0,0.0,0.0,0.0,0.0,0.7607152183311034,0.003561206089177996
