dataset,accuracy,accuracy_std,precision,precision_std,recall,recall_std,specificity,specificity_std,f1,f1_std,mcc,mcc_std,roc_auc,roc_auc_std
cresci2017,0.9870733602239227,0.0011262505385370306,0.9258731541397047,0.03251210249835797,0.9489429175475687,0.03426578057649643,0.9912820512820513,0.004470665583118623,0.9360979174278408,0.004726341355288323,0.929728312277242,0.005047169085137914,0.9923682712636201,0.007054739454292893
cresci2015,0.9937803673313038,0.0029976452115233394,0.9738020446881206,0.011660834310607635,0.9636363636363636,0.02518275250605886,0.9971206435428026,0.0012878747286215392,0.9685365407219712,0.015491593113121342,0.9651983463218932,0.017069905922472862,0.9965391884254489,0.003595948143448394
tb20,0.8964440589765829,0.004832051440480168,0.4230781154054811,0.15026809932031984,0.06596701649175413,0.02099550139240575,0.9886293833367708,0.005003322464344116,0.11233552438231498,0.03333185992014471,0.13118919332274617,0.046958361612763067,0.7542862185915866,0.016308453644367987
tb22,0.8999821575696936,2.2938073885039142e-05,0.4347368421052632,0.07667610042726028,0.00048565248109192443,3.950691441829903e-05,0.99992609652122,2.5049838889746423e-05,0.0009701905236549326,7.895477840500312e-05,0.011708532431777099,0.002077962568366764,0.7785965150900815,0.0021624456561624953
