dataset,accuracy,accuracy_std,precision,precision_std,recall,recall_std,specificity,specificity_std,f1,f1_std,mcc,mcc_std,roc_auc,roc_auc_std
cresci2017,0.9856887432019669,0.0033901872200413808,0.9224985059472937,0.009821524673892829,0.935306553911205,0.03690050609601936,0.9912820512820513,0.001256148586042651,0.9284496648164746,0.017833172433582286,0.9207813545577059,0.020060163706586486,0.9916874017455413,0.007456188049779069
cresci2015,0.9940390986740859,0.001755298308574556,0.9817794817794818,0.010290197985279166,0.9584415584415584,0.027732670784496923,0.9979839528953207,0.0011523242173662243,0.9695930957883532,0.009643936416205035,0.9666060177785896,0.010129642761770127,0.9964941984808051,0.00531971277600823
tb20,0.8945359930615785,0.0019470897069074982,0.352232718548508,0.06670349690536656,0.06770614692653673,0.01855914523940999,0.9863179878224388,0.002308887867994046,0.11310157831360627,0.028522911261834906,0.11744517916007938,0.033167356223193785,0.7711155641598267,0.023611998470730023
tb22,0.8999863805928239,2.5033835175329603e-05,0.45144561321031906,0.08247975010899762,0.0006228996600398636,0.00015443506466078142,0.999915538827333,2.1820542018580173e-05,0.0012440329838532378,0.0003082571106741161,0.013709565097816775,0.0034774583258511166,0.7792374652802924,0.0014033721684232612
