dataset,accuracy,accuracy_std,precision,precision_std,recall,recall_std,specificity,specificity_std,f1,f1_std,mcc,mcc_std,roc_auc,roc_auc_std
cresci2017,0.9823560103679266,0.0060245081575892164,0.959248003551755,0.0250436543897575,0.9527877130233537,0.00809246563881763,0.9897435897435898,0.0064867234054736276,0.9558694416739385,0.014592861622520893,0.9449590099318848,0.018420374649556526,0.9931113143116089,0.006112801446211837
cresci2015,0.9921666940654283,0.0029519288561831994,0.9849397220838336,0.0057923603778324475,0.9758155604278785,0.015150986440543853,0.9962569195364169,0.001467346088441818,0.980278797363539,0.007502066721114524,0.9754686359199785,0.009310837369513788,0.9952229512312544,0.0033704831239062616
tb20,0.7989528994847658,0.004902328124735837,0.49428579197185674,0.026016802305985312,0.2475230175230175,0.020626627648181142,0.9367907648229385,0.004140393694039454,0.329622797375127,0.023042641907965282,0.24545956515313927,0.023999350666906158,0.7789228263466145,0.00945592752688368
tb22,0.8006724585024246,0.00017390349093247522,0.5327068491890382,0.010378428990011589,0.02790919511520563,0.002554628387985361,0.9938632645543006,0.0007061397128842741,0.053013416217703155,0.004598459765508233,0.08544693246329996,0.003492771617665385,0.7813576983190126,0.0017935647446433863
