dataset,accuracy,accuracy_std,precision,precision_std,recall,recall_std,specificity,specificity_std,f1,f1_std,mcc,mcc_std,roc_auc,roc_auc_std
cresci2017,0.9798953108694921,0.004367370441589318,0.9609333530513655,0.02352494712301111,0.9383547233326321,0.014700465028035691,0.9902564102564103,0.00615384615384617,0.9492194177089898,0.010301366078937661,0.937012790495305,0.01313187482486601,0.9934438438341235,0.003985098856473862
cresci2015,0.993319563246064,0.002349624726687291,0.9884238272694803,0.007206815913418097,0.9781077669257858,0.011177205430455495,0.9971206435428026,0.0018206730322267207,0.9831840774533968,0.005943541345004296,0.9790794699311298,0.007379524431585074,0.9989233397717913,0.0012029655221353975
tb20,0.8003385791318831,0.0038394052785300148,0.5013101380093962,0.018801837645133466,0.2775705375705376,0.023493208976182553,0.931008374163652,0.0053614693501765065,0.3568634239471518,0.021724538719272976,0.2657315572894657,0.02010772042509609,0.7899078979331181,0.007110642454688866
tb22,0.8007369207553804,0.00011492950851899419,0.5420839974179203,0.006458508958426843,0.023763136214531123,0.0010625130889920648,0.9949803681930722,0.0002567397000005476,0.045526542163034145,0.0019489527688345445,0.0804071262993828,0.0021287833377859173,0.7813767725929239,0.0016668312091558755
