dataset,accuracy,accuracy_std,precision,precision_std,recall,recall_std,specificity,specificity_std,f1,f1_std,mcc,mcc_std,roc_auc,roc_auc_std
cresci2017,0.9858667141415939,0.002843195769827197,0.8720846233230134,0.07734985515600923,0.8528571428571429,0.07013753899601291,0.9928205128205129,0.004971979340939807,0.8570846665583506,0.028206545825219892,0.8526425017947517,0.03014733600888409,0.9912319902319903,0.011242839512523998
cresci2015,0.9953488372093023,0.002222719125755392,0.9588394062078273,0.04161274628547214,0.9503003003003003,0.04441095239975625,0.9976957684572803,0.0023401506716863754,0.9530835015928568,0.02170365142158599,0.951458281291157,0.02269111841825698,0.996620033982939,0.005790879298410657
tb20,0.94946948446491,0.0015608745155620384,0.45714285714285713,0.09689042833036098,0.04404040404040403,0.018915727825055014,0.9971090833756036,0.0013629670524075456,0.07929822002077533,0.03247646861929856,0.12656265623360546,0.03926227568146843,0.7606875441983199,0.028066805024377035
tb22,0.9499949294032218,6.441487306183209e-06,0.16666666666666666,0.21081851067789195,6.686230099058287e-05,8.91476649999011e-05,0.9999906154160852,7.956184593256152e-06,0.00013365510481354418,0.00017818613349687945,0.0026204158104696632,0.0037565318825216313,0.7751218265530253,0.0017928328988883733
