dataset,accuracy,accuracy_std,precision,precision_std,recall,recall_std,specificity,specificity_std,f1,f1_std,mcc,mcc_std,roc_auc,roc_auc_std
cresci2017,0.988308112278203,0.0044535926037220916,0.8917281125519111,0.09455538588705847,0.8923809523809524,0.05592755274873541,0.9933333333333334,0.00660723011626931,0.886168995471321,0.032981716918324806,0.8832987653770825,0.03339282545115377,0.9866318681318681,0.012188472698416329
cresci2015,0.995075239398085,0.0016415868673050596,0.9621461098241284,0.025713744990695148,0.93993993993994,0.050142057572953286,0.9979851968569236,0.0014671813296547936,0.9495666297038005,0.017936148948448388,0.947795753375741,0.018640692930658877,0.9932429434597039,0.007353654822602988
tb20,0.9476389880324007,0.002599180207946661,0.27222222222222225,0.37531879453454525,0.010976430976430977,0.008963061619919103,0.9969165909517412,0.002541558364285519,0.020302388289676423,0.016655550341440686,0.038319168008486205,0.05333479560069623,0.7315023830612373,0.02932608585245171
tb22,0.9499770987215639,1.0232623511537578e-05,0.125,0.12360330811826103,6.686726847208291e-05,5.459689608343203e-05,0.9999718463032998,9.384529731109394e-06,0.00013365014065033578,0.00010912489002645126,0.0016572951464909058,0.00254217351672218,0.7741649167585987,0.002126951649330048
