dataset,accuracy,accuracy_std,precision,precision_std,recall,recall_std,specificity,specificity_std,f1,f1_std,mcc,mcc_std,roc_auc,roc_auc_std
cresci2017,0.9753846153846155,0.006353595740186618,0.976907561626955,0.0072543823735750565,0.9738461538461539,0.010683418797948544,0.9769230769230768,0.007431475254456119,0.9753308700764254,0.006391997473091569,0.9508580412000359,0.012709950280211333,0.9941137409598948,0.0026072057762502603
cresci2015,0.9904978997363664,0.0038209191755139826,0.993345141479779,0.0029701172604796357,0.9876209234341633,0.0065347584630396855,0.9933775630792196,0.0029651116134136258,0.9904635846857271,0.0038543066576117793,0.9810338906144083,0.0076141235427680445,0.9989137318594526,0.00044152769243272915
tb20,0.7221997817861039,0.01315107341871999,0.6945209048783093,0.010611940975475662,0.7932185439323082,0.01600905112646481,0.6511831037731117,0.010797003576755166,0.7405880832059639,0.012923918430954915,0.4489849515370727,0.0269167536960625,0.7879168331872342,0.01026235781731212
tb22,0.7231492611128882,0.00226632138265465,0.696457381657696,0.0022261625010664672,0.7910909991172221,0.002123648773232392,0.655207547985958,0.0030696404794623134,0.7407629742392882,0.002012992276699874,0.4504778857503635,0.00451014783361542,0.7829068516879386,0.002525723356337952
