dataset,accuracy,accuracy_std,precision,precision_std,recall,recall_std,specificity,specificity_std,f1,f1_std,mcc,mcc_std,roc_auc,roc_auc_std
cresci2017,0.9784615384615385,0.005813222589104967,0.9790350874496193,0.009424422914186237,0.9779487179487178,0.005523245956035396,0.978974358974359,0.009511403585123816,0.9784650201802247,0.005770222875782308,0.9569751613048242,0.011666835272417112,0.9948238001314925,0.0011393776226797153
cresci2015,0.9902100263633585,0.0016800341706776508,0.9936363976212178,0.0030921737166994504,0.9867542968507038,0.0036907677617864466,0.9936665768249954,0.0030993010357082728,0.9901745674016726,0.0016967632012634601,0.9804606788692031,0.0033521560872550285,0.9989877153571236,0.0007555321369121281
tb20,0.7187323629779232,0.0068851929180074704,0.691072324093097,0.005119005378196371,0.7910959247718797,0.013841981384852075,0.6463668913030958,0.007725467475823086,0.737665878835591,0.007830852037928921,0.44221414742318566,0.014580456903170797,0.7862171196142453,0.0029518786542601224
tb22,0.7236620494918802,0.002094869199592507,0.6974917863520355,0.0018607241002676614,0.7899189788134526,0.002123349669995713,0.6574051204988947,0.002141420648897428,0.7408335934765031,0.0019662187171742736,0.45130422789287106,0.004225284348020383,0.7831243052347031,0.002066034455805386
