dataset,accuracy,accuracy_std,precision,precision_std,recall,recall_std,specificity,specificity_std,f1,f1_std,mcc,mcc_std,roc_auc,roc_auc_std
cresci2017,0.9765991412332745,0.003344985719643837,0.9835202306934303,0.004085556556969572,0.9793971844811816,0.001736637671937122,0.9717948717948717,0.007068742949789832,0.9814514190699475,0.0026273576982229715,0.9497861859335497,0.007249488336611957,0.9946389187785346,0.0026662248117870504
cresci2015,0.9906437768240345,0.0023570008957503547,0.9952149252469855,0.0019472642180041059,0.9914394772062837,0.002046273171322614,0.9887682706860449,0.004596861379913589,0.9933224359400633,0.0016806335647649802,0.9777249580384151,0.00562060290444706,0.9991183128803847,0.0003760488619035888
tb20,0.7340262849574652,0.004846344690103386,0.7233302900853472,0.0034333539146154724,0.8466470448322205,0.007594634700055497,0.5922122321874832,0.006618434659672519,0.7801324320972068,0.004431177974429927,0.4577876374149728,0.010443106254429312,0.7846416824427715,0.005785086169151519
tb22,0.8619007317971071,3.614124787768818e-05,0.41566931845082244,0.04068183331122128,0.0011280927002614528,0.0002552485820611846,0.9997454435027567,5.331996816223954e-05,0.0022498313393354676,0.0005079281014360132,0.015493419463870981,0.0027749200344087334,0.7800975940484521,0.0015859785139932083
