dataset,accuracy,accuracy_std,precision,precision_std,recall,recall_std,specificity,specificity_std,f1,f1_std,mcc,mcc_std,roc_auc,roc_auc_std
cresci2017,0.9739590571382756,0.004935934984139828,0.9820380193451834,0.005544139683511426,0.9767119559154898,0.008038467459543158,0.9692307692307691,0.009864299518805823,0.9793347258804606,0.003962518243766569,0.9442763834811287,0.010405185731598642,0.9946080875374765,0.0026704740944618753
cresci2015,0.9908154506437767,0.0016644394360227563,0.9954590951425459,0.0009858892090433633,0.9914396267468206,0.002650080611759424,0.989345468869861,0.0023437827081119033,0.9934426899356235,0.0011961071372948086,0.9781546237595264,0.003898391336019216,0.9992189740078157,0.0003134937527197024
tb20,0.7364999599758401,0.004975185040866949,0.7269003365377441,0.005636939160768118,0.8446583422283827,0.0035388561337359728,0.6003052751471099,0.011817981123049827,0.7813503247932764,0.003362215526326982,0.46268494028570395,0.01020069744502164,0.784174309134958,0.0077742994839583805
tb22,0.861929043826,3.429654185692085e-05,0.4615331145771965,0.04356987573474388,0.001435748247996966,0.0002812263023655214,0.9997290204310223,6.133753525417514e-05,0.002862228161273239,0.0005586499497477593,0.019321740085942687,0.002598281406548409,0.7801830856694251,0.0012235990592781376
