,cresci2017,cresci2015,tb20,tb22
cresci2017,0.990811443753639,0.8220229980574757,0.2371099764312424,0.057715193567965554
cresci2015,0.6578749331455694,0.9933992677987828,0.08921018226993019,0.2803127495330223
tb20,0.6455026455026455,0.7235042012960348,0.9421431898548409,0.14901225238194934
tb22,0.16684449327031015,0.1555073299222081,0.15173616655717095,0.5421787153738374
