,cresci2017,cresci2015,tb20,tb22
cresci2017,0.9703943801307163,0.8265731695768794,0.17058313749307344,0.039122431166813056
cresci2015,0.6534406242314775,0.9906309560385297,0.18499234651831165,0.27590846353249304
tb20,0.5165621905022089,0.5711819772962162,0.588043606612963,-0.02209139411422462
tb22,0.0,0.0,0.05315948528112014,0.1640515263456856
