,cresci2017,cresci2015,tb20,tb22
cresci2017,1.0,0.7615868505558194,0.2812248241137316,0.033558059477950694
cresci2015,0.880160634759499,0.9997949231434,0.1479092783353906,0.03993494469455403
tb20,0.7116440135832286,0.5855434827413133,0.9499191871337398,0.09277819720537643
tb22,0.0,0.006038249723491838,0.016092456077111544,0.10819125230689651
