,cresci2017,cresci2015,tb20,tb22
cresci2017,0.9472903164170058,0.7282579348205339,0.0693132569370729,0.02420738278422612
cresci2015,0.35084674272246813,0.9795939630526312,0.10328543682501504,0.17456112005586816
tb20,-0.00875129710592394,0.0,0.2287849508150797,-0.0005108975960114153
tb22,0.0,0.0,0.017757503899752967,0.06122555229199673
