,cresci2017,cresci2015,tb20,tb22
cresci2017,0.9729767694354724,0.8329760297078266,0.141849221817195,0.04266338609309255
cresci2015,0.2659216752338914,0.9884662415563588,0.23262020197533267,0.2824095251278481
tb20,0.29132266265427725,0.4572848741060746,0.5855637975658381,0.10977472080932289
tb22,0.14654067696127726,0.09117369583637651,0.03160494676659317,0.15498724755196322
