,cresci2017,cresci2015,tb20,tb22
cresci2017,0.9580205011681822,0.7474342297269851,0.01420902373396463,0.05557609370299621
cresci2015,0.5151131221719457,0.9737004390568993,0.11788269547613785,0.15372455870638121
tb20,-0.011303393871462479,0.0,0.2045751525568381,0.0414540566918085
tb22,0.0,0.0,0.0,0.06276314950725048
