,cresci2017,cresci2015,tb20,tb22
cresci2017,1.0,0.7712493465127304,0.2855282216921845,0.03482759058344564
cresci2015,0.862934819084649,1.0,0.1257041016386039,-0.004342737102522505
tb20,0.7948922888517266,0.6647971599008118,0.9618391766366248,0.12486895519600036
tb22,0.0,0.0,0.01880074689408229,0.11252969084991381
