,cresci2017,cresci2015,tb20,tb22
cresci2017,0.9635968532938218,0.8006407464538681,0.13204629032248158,0.031171994141879367
cresci2015,0.5322847873189631,0.9840536008048605,0.13091217985500475,0.22821420212099044
tb20,-0.01239486889773338,-0.020914273957832786,0.3671689001965145,0.08759062178361796
tb22,0.0,0.0,0.043123536229172546,0.09043811384176308
