dataset,accuracy,accuracy_std,precision,precision_std,recall,recall_std,specificity,specificity_std,f1,f1_std,mcc,mcc_std,roc_auc,roc_auc_std
cresci2017,0.9903604703463342,0.0010127071517655743,0.0,0.0,0.0,0.0,1.0,0.0,0.0,0.0,0.0,0.0,0.6432182438192667,0.13260073074768416
cresci2015,0.9900256450898391,5.689877301850998e-06,0.0,0.0,0.0,0.0,1.0,0.0,0.0,0.0,0.0,0.0,0.5749387348910497,0.09700418434221171
tb20,0.990168343905872,0.00046159284977776517,0.0,0.0,0.0,0.0,1.0,0.0,0.0,0.0,0.0,0.0,0.5947831715081655,0.08012180293143958
tb22,0.990000506480915,2.8102553256259426e-06,0.0,0.0,0.0,0.0,1.0,0.0,0.0,0.0,0.0,0.0,0.5804197174468205,0.005998644171395078
