dataset,accuracy,accuracy_std,precision,precision_std,recall,recall_std,specificity,specificity_std,f1,f1_std,mcc,mcc_std,roc_auc,roc_auc_std
cresci2015,0.9903604703463342,0.0010127071517655743,0.0,0.0,0.0,0.0,1.0,0.0,0.0,0.0,0.0,0.0,0.6492868384812118,0.10377383608434794
cresci2017,0.9900256450898391,5.689877301850998e-06,0.0,0.0,0.0,0.0,1.0,0.0,0.0,0.0,0.0,0.0,0.6702183152613357,0.06869622941148076
gilani,0.9901901607164764,0.0013962447348400378,0.0,0.0,0.0,0.0,1.0,0.0,0.0,0.0,0.0,0.0,0.5818902505241879,0.14585760091680677
crescirtbust,0.9855072463768118,1.1102230246251565e-16,0.0,0.0,0.0,0.0,1.0,0.0,0.0,0.0,0.0,0.0,0.6088235294117648,0.18638799432652775
midterm,0.9903339958601431,0.000245860695578718,0.4,0.48989794855663565,0.02426470588235294,0.029740806494348064,1.0,0.0,0.0457516339869281,0.05607218454778357,0.09803902450130994,0.12009624222584889,0.7826618709098991,0.10698009144553883
botometerfeedback,0.9870129870129871,1.1102230246251565e-16,0.0,0.0,0.0,0.0,1.0,0.0,0.0,0.0,0.0,0.0,0.7947368421052632,0.16924142306119502
tb20,0.990168343905872,0.00046159284977776517,0.0,0.0,0.0,0.0,1.0,0.0,0.0,0.0,0.0,0.0,0.4003303082665055,0.0182807369679952
tb22,0.990000506480915,2.8102553256259426e-06,0.0,0.0,0.0,0.0,1.0,0.0,0.0,0.0,0.0,0.0,0.5814838311918823,0.007093028782153242
