dataset,accuracy,accuracy_std,precision,precision_std,recall,recall_std,specificity,specificity_std,f1,f1_std,mcc,mcc_std,roc_auc,roc_auc_std
cresci2017,0.9003671736145848,0.0031164500152412586,0.5222222222222221,0.1092200180629861,0.07420718816067653,0.027340656507952997,0.9918053642861828,0.004095694877063743,0.1275568819999358,0.04263478127612566,0.16430797173622197,0.04159113365044774,0.7332237722031334,0.06188570124306606
cresci2015,0.8984455958549222,0.0013209895112934722,0.18333333333333332,0.15275252316519466,0.007792207792207792,0.006362311020216047,0.9974092426347105,0.0014099485163679162,0.014938271604938273,0.012197568351019518,0.0232963263930648,0.02694170723163324,0.7012816809518239,0.02011515063117467
tb20,0.8970441712244372,0.001540741341421334,0.0,0.0,0.0,0.0,0.9965632450403552,0.0015504572157569675,0.0,0.0,-0.01808933267563567,0.004176202129411554,0.5497367204576952,0.009428566478912786
tb22,0.9000008371561282,2.0019608167148405e-06,0.0,0.0,0.0,0.0,1.0,0.0,0.0,0.0,0.0,0.0,0.5913916312154402,0.0014410719449896702
