dataset,accuracy,accuracy_std,precision,precision_std,recall,recall_std,specificity,specificity_std,f1,f1_std,mcc,mcc_std,roc_auc,roc_auc_std
cresci2015,0.904519960409106,0.007527382455222229,0.602936507936508,0.2038066186807735,0.10200845665961947,0.05030424267027499,0.9933398911404027,0.0030725648909385186,0.1735644411610798,0.08157868106405788,0.21974331724441204,0.10470545605646327,0.8086573860525565,0.028025004099990737
cresci2017,0.8994818652849741,0.0013209895112934722,0.4133333333333333,0.22370615647416692,0.01811521811521812,0.010340397632951042,0.9974092426347105,0.0010769588348587278,0.034575486261191724,0.019609557154572403,0.06914411076790153,0.04616060183905538,0.6820189300744108,0.031094321583478496
gilani,0.8955414012738853,0.005095541401273884,0.19,0.1854723699099141,0.018951612903225806,0.015478304611023576,0.9929153196501517,0.005016723476965856,0.03404313404313404,0.02788074682484868,0.03561060518962108,0.046378178882812315,0.5525693102143666,0.027663317817533884
crescirtbust,0.9045263157894737,0.004917791395213179,0.2,0.4000000000000001,0.025,0.05000000000000001,1.0,0.0,0.04444444444444444,0.08888888888888888,0.06733003292241385,0.1346600658448277,0.507563025210084,0.15491893855994246
midterm,0.9272606645268878,0.003286869871939551,0.8528483356352208,0.04250829065999171,0.3314711359404097,0.0423278737275879,0.993450076387399,0.0023318293388131057,0.4751886413391693,0.04157441806899629,0.5031421463182887,0.030856365573099304,0.8243740817148574,0.018844594686560683
botometerfeedback,0.8981512605042017,0.00891020519980776,0.0,0.0,0.0,0.0,0.9973684210526315,0.0052631578947368585,0.0,0.0,-0.0075093926148263835,0.015018785229652765,0.5858918128654971,0.1125790919837366
tb20,0.8977317519272647,0.0018510016134746204,0.14444444444444443,0.19751543149590198,0.0051429413498379015,0.006845034432374798,0.996753902462142,0.002143794777694371,0.009739036857680928,0.012812806944212832,0.008339855673840518,0.031180870085843623,0.5342581699868123,0.026490119389998575
tb22,0.9000008371561282,2.0019608167148405e-06,0.0,0.0,0.0,0.0,1.0,0.0,0.0,0.0,0.0,0.0,0.5917152971937141,0.0011508285673895984
