dataset,accuracy,accuracy_std,precision,precision_std,recall,recall_std,specificity,specificity_std,f1,f1_std,mcc,mcc_std,roc_auc,roc_auc_std
cresci2015,0.8348360655737703,0.01253857257440848,0.7233804293645474,0.07983410196988662,0.284935830002104,0.032791934660915824,0.972328677290314,0.009385371272199593,0.4081072581465648,0.04340761992116853,0.3819340785575522,0.05475095652002904,0.8115053136380574,0.017264648172297246
cresci2017,0.7975577097463582,0.004785896974079698,0.4713585957869079,0.057319536742767775,0.09330277058002791,0.01269998553764725,0.9735168867787614,0.005199518374272521,0.1554397584504686,0.019532700663673415,0.1371604399202077,0.027141726712605556,0.7221350073211092,0.01466943054561006
gilani,0.7933163681759254,0.004093435132973305,0.4268315018315018,0.04786005508774991,0.09633802816901407,0.02084273970640332,0.9674510688419418,0.007850410848684607,0.15618906422486564,0.0291101016976257,0.12254482013877976,0.027383337732056666,0.6001456187189549,0.0248448223054742
crescirtbust,0.8070588235294119,0.019115384481496377,0.6833333333333333,0.2905932629027116,0.10588235294117647,0.04401949866792872,0.9823529411764707,0.017149858514250875,0.17936507936507934,0.0732638989640083,0.20367204241812162,0.11392553480529737,0.5775086505190311,0.04221807801779781
midterm,0.8804745427582799,0.0014796470140479993,0.8671429408564283,0.013395552294907267,0.4755237745996822,0.013752450975857214,0.9817103905949971,0.002490060311733264,0.6139812732803331,0.009308802995481036,0.5852412674909269,0.006522602613567508,0.8276801194568421,0.011239505549840299
botometerfeedback,0.7999999999999999,0.013314853305972112,0.4533333333333333,0.25785439474418287,0.08421052631578947,0.053673889616766154,0.9789473684210526,0.006446025638903066,0.14090909090909093,0.0867217455833587,0.12878442304558319,0.11865586027962077,0.551246537396122,0.06204460553521136
tb20,0.7899481569171736,0.0019209498102382586,0.2646057347670251,0.04235764591419718,0.028264748033108127,0.005171472488211659,0.9803329396239345,0.0021369203905127337,0.0510375517067758,0.009129921553705069,0.02380229013753086,0.01583936130707948,0.5383567898733326,0.015491168014254703
tb22,0.7999957125401057,1.4574561110129956e-05,0.4420634920634921,0.12781474374093585,0.00010718649739247844,5.0528921609150494e-05,0.9999678440316433,1.2116298692834178e-05,0.00021431684189240772,0.00010102319122857045,0.004219125938263129,0.0025431465119898577,0.592626902386298,0.00200141970523171
