dataset,accuracy,accuracy_std,precision,precision_std,recall,recall_std,specificity,specificity_std,f1,f1_std,mcc,mcc_std,roc_auc,roc_auc_std
cresci2017,0.8372950819672133,0.004015556955382278,0.759216890687479,0.03717782770584746,0.27460551230801594,0.013777894898445503,0.9779697029313397,0.004756909756480892,0.40287879775146396,0.014663665638366978,0.38996036769612374,0.01735503276310705,0.8175231998809247,0.006252601130746936
cresci2015,0.8037781124551235,0.00260529190828348,0.5438151348212324,0.031995893922406794,0.11751378645937147,0.010695345846295204,0.9752443347915328,0.003333787595798185,0.1929945071931077,0.014900644400666746,0.18238388504652475,0.01526648458640147,0.7292279070323437,0.022846798170078442
tb20,0.7922395162089819,0.0025113710125896412,0.3179623157884027,0.05710054873050432,0.035137901787019976,0.011668056716360085,0.9814783423376131,0.0035490302685068104,0.06304381087784261,0.01972701432821702,0.04454907815853819,0.02466001046417557,0.5471119027712672,0.022825048845163662
tb22,0.7999899959269131,1.0105639884607099e-05,0.34575757575757576,0.12115301589259525,9.28941474093165e-05,7.356872067857507e-05,0.9999642711196757,1.2632173971245067e-05,0.00018572806459643212,0.00014707269745244282,0.0028191036616778123,0.0028138198634528014,0.5928461209112902,0.001618157334552997
