dataset,accuracy,accuracy_std,precision,precision_std,recall,recall_std,specificity,specificity_std,f1,f1_std,mcc,mcc_std,roc_auc,roc_auc_std
cresci2015,0.950340039166815,0.0033117853914471193,0.3,0.39999999999999997,0.029523809523809525,0.03977259622442114,0.9984615384615385,0.0012561485860426512,0.05375494071146245,0.0723482130507355,0.08581934053551858,0.12598034668654823,0.7586118808727503,0.03979174381519215
cresci2017,0.9499454299447571,0.001087806248457256,0.0,0.0,0.0,0.0,0.9997118155619595,0.0005763688760807018,0.0,0.0,-0.001709187438721382,0.0034183748774427643,0.7204023748833319,0.0179332498417667
gilani,0.9509095428558515,0.002660786416637168,0.2,0.4,0.014285714285714285,0.02857142857142857,1.0,0.0,0.026666666666666665,0.05333333333333333,0.05226528706187532,0.10453057412375064,0.5279919041771535,0.05734862165701625
crescirtbust,0.9524256651017214,0.006516639378296389,0.0,0.0,0.0,0.0,1.0,0.0,0.0,0.0,0.0,0.0,0.5644607843137255,0.14971779168572802
midterm,0.9546790529829987,0.0012472338219584784,0.8130186480186479,0.06187318025835945,0.12,0.027237263300682886,0.9985172217128031,0.0006296728602816212,0.2078635718739748,0.042104050891545494,0.2996930516372183,0.03863685969652935,0.8107513316090685,0.026081001756650648
botometerfeedback,0.95,0.0,0.0,0.0,0.0,0.0,1.0,0.0,0.0,0.0,0.0,0.0,0.5631578947368421,0.11390132167948017
tb20,0.9499275198970635,0.00034951235758990003,0.0,0.0,0.0,0.0,0.9998091603053435,0.00038167938931299433,0.0,0.0,-0.001380193258654514,0.0027603865173090286,0.5734894483892712,0.03858838452343015
tb22,0.9500001656887959,2.1574610884034934e-06,0.0,0.0,0.0,0.0,1.0,0.0,0.0,0.0,0.0,0.0,0.587454334543368,0.003036238671838698
