dataset,accuracy,accuracy_std,precision,precision_std,recall,recall_std,specificity,specificity_std,f1,f1_std,mcc,mcc_std,roc_auc,roc_auc_std
cresci2017,0.9508290309180463,0.0017847999870147725,0.2,0.4,0.01,0.02,1.0,0.0,0.019047619047619046,0.03809523809523809,0.04367024690275608,0.08734049380551216,0.6739304591401778,0.05426514777144205
cresci2015,0.9502190277559747,0.0006536034159533815,0.0,0.0,0.0,0.0,1.0,0.0,0.0,0.0,0.0,0.0,0.6735097044258822,0.026026569372067036
tb20,0.9492017316245251,0.0005738398062823623,0.0,0.0,0.0,0.0,0.9990452547081082,0.0006034882682423933,0.0,0.0,-0.006097211741252726,0.0032431335896170596,0.5439010536697495,0.01975406818890925
tb22,0.9500001656887959,2.1574610884034934e-06,0.0,0.0,0.0,0.0,1.0,0.0,0.0,0.0,0.0,0.0,0.5876360788849533,0.002138058576838069
