dataset,accuracy,accuracy_std,precision,precision_std,recall,recall_std,specificity,specificity_std,f1,f1_std,mcc,mcc_std,roc_auc,roc_auc_std
cresci2017,0.7768918874552677,0.011956148776307142,0.7901531863067721,0.015515312582415609,0.7545911207292282,0.022446125645270855,0.799185520361991,0.020325110446945106,0.7716986165078488,0.01344256897398527,0.5546747803076608,0.023768695174158028,0.8519214441972656,0.015251228109960267
cresci2015,0.6970357018920501,0.009635520564636539,0.6820976242975931,0.010136003662182747,0.7383422138369995,0.013777489332628214,0.65572823585512,0.015560299602237098,0.7090314212060995,0.009439803202106115,0.3955182149006601,0.01924391672350736,0.7511351513568653,0.006367397418026387
tb20,0.5531795127800079,0.010694067547582703,0.5560621938446471,0.009889046664871011,0.5258840234184183,0.0237801728216095,0.5804869601988962,0.010683542013864908,0.5404116496464004,0.01667650452918506,0.10655311496631621,0.0212751970234385,0.5733576949815365,0.011455935072146779
tb22,0.5682206354214351,0.0014331183369306751,0.5920328877594693,0.002063926151706933,0.43887151112515965,0.0028883209117771982,0.6975696846909982,0.002963643760456568,0.5040687950104272,0.002164415664304422,0.14125212364389628,0.0029846245516401393,0.5922148920156218,0.0011063141769353674
