dataset,accuracy,accuracy_std,precision,precision_std,recall,recall_std,specificity,specificity_std,f1,f1_std,mcc,mcc_std,roc_auc,roc_auc_std
cresci2015,0.7740812239403789,0.009388286295448599,0.7830278102820324,0.006206839201861632,0.7582136533543183,0.017632765496193976,0.7899652436225326,0.0056026587756972885,0.7703495973225938,0.011229171833720923,0.548533788026032,0.01853569363253019,0.8476186113927605,0.0111082984312911
cresci2017,0.6840832647057301,0.011113251049324563,0.6674539609188821,0.009863524362729375,0.73373914125184,0.016536898519936897,0.6344291252876662,0.012419443238760479,0.6989757691509031,0.011714861427151972,0.37007914294993954,0.022515427931763775,0.7468402519126655,0.010056249094707696
gilani,0.5807339449541284,0.012084348506715135,0.5809391173990102,0.01099213032368037,0.5788990825688074,0.026174940582912122,0.5825688073394495,0.017163565994375858,0.5797175366240183,0.01712907949183248,0.16157034042840107,0.02411467228860431,0.6060348455517213,0.0090448433553397
crescirtbust,0.5397058823529413,0.04096584787407094,0.5364542844967585,0.03768686181086253,0.55,0.08705087404087497,0.5294117647058822,0.043624696982915656,0.541555799192504,0.06047690976154211,0.0799029767710471,0.08266683536488766,0.5401816608996539,0.05448529257254363
midterm,0.7708230468703758,0.004562262487661955,0.825245365839846,0.006980100652043373,0.6872211249142026,0.005549033600755187,0.8544225669983531,0.006986035632090334,0.74991529249436,0.00482113019088454,0.5494048592623324,0.00945719382798816,0.8533664967404416,0.005727258159643663
botometerfeedback,0.5069480519480519,0.08585132689068871,0.5066600529100529,0.07947212137725829,0.5171957671957672,0.1113030591953994,0.49523809523809526,0.11483005287416663,0.509367816091954,0.09047802471029245,0.01254702502752716,0.17297902140498403,0.49119425547996987,0.06422266048904912
tb20,0.5489775309840823,0.009557624791019003,0.5515973887108834,0.010500652621386695,0.5239601332779223,0.010207998993578304,0.5739938537588312,0.012651379749405124,0.5373995107672028,0.009676040295529216,0.09808870336079277,0.01918693931548816,0.5640175324495672,0.007142739430333778
tb22,0.5691674328865284,0.00300221155704673,0.5923667984497916,0.0034529860244037216,0.4435162631751761,0.006384474538278422,0.694818646035696,0.0031452839108457305,0.5072325587214604,0.005195472348074949,0.1429188040478774,0.006008552790698156,0.5927338248867985,0.00265677453833534
