dataset,accuracy,accuracy_std,precision,precision_std,recall,recall_std,specificity,specificity_std,f1,f1_std,mcc,mcc_std,roc_auc,roc_auc_std
cresci2015,0.7885323564455036,0.021271671168900438,0.8036949772575367,0.016954850749789446,0.8805648885616758,0.019486471286811864,0.6306328283821889,0.03618347917896306,0.8402866200831356,0.016027571145587574,0.53443958771983,0.04785132883367276,0.8553773312107651,0.01471840880962438
cresci2017,0.7550485632098392,0.00577826381405351,0.7646313367095275,0.0016156340544305097,0.9420307782899681,0.009422457163370054,0.3103012460348724,0.006796832058409654,0.8440940765876457,0.004407406862162066,0.34013200421910117,0.016593093744745182,0.7603629544593471,0.013767206016817055
gilani,0.5884918163672654,0.009441336487277517,0.5333664432085861,0.01011672893561962,0.43211009174311926,0.043168038003737925,0.7091271332982483,0.019436925026844142,0.47660684093894423,0.029517739537733515,0.1465116801950866,0.024306178331082725,0.5979439877942543,0.019296121251533373
crescirtbust,0.5353664894171619,0.02034314959969529,0.5446763114726116,0.021038471257913825,0.5468008048289738,0.01838712773885653,0.5235294117647058,0.047969136559706145,0.5452912855094878,0.012418778221689634,0.07036703655659819,0.0416997234684153,0.5458095632619245,0.039749680610088114
midterm,0.8418219648103247,0.001101458013117322,0.8444926134067279,0.0006100039113948242,0.9948640636722283,0.0007692152105784403,0.03904995606102136,0.004297006194317385,0.9135316267142466,0.0006006135038302891,0.12159823241270465,0.015217250509260838,0.8529863615929323,0.004029487774009058
botometerfeedback,0.7167662434652726,0.015527089763924893,0.43626984126984125,0.09086646541858508,0.14444444444444443,0.04204102424809215,0.9263157894736842,0.029539400421899547,0.21147679830606664,0.043900331936621434,0.11205890814055797,0.044883809864351934,0.6339529379003064,0.04094671556057105
tb20,0.5635889334279316,0.004802392476459937,0.5899644533646908,0.004187872063217795,0.7108795568168332,0.009461978398786685,0.3782656007349242,0.014988227530932733,0.6447607254745511,0.004263748176661859,0.09425925556385378,0.011079398888499925,0.5697308673315692,0.005273769751535596
tb22,0.860057,2.4494897427992254e-06,0.0,0.0,0.0,0.0,1.0,0.0,0.0,0.0,0.0,0.0,0.5925308903317286,0.0013708855443363332
