dataset,accuracy,accuracy_std,precision,precision_std,recall,recall_std,specificity,specificity_std,f1,f1_std,mcc,mcc_std,roc_auc,roc_auc_std
cresci2017,0.7921165507797913,0.009971678260626416,0.8044601609996139,0.011871650080278537,0.8868357762755729,0.012892021932691747,0.6296216145321004,0.02968532573473553,0.8435189496057832,0.007049636075580744,0.542136954426234,0.023314783633208495,0.8599206839796724,0.008044557387912316
cresci2015,0.7564109534154662,0.008719369653703382,0.7650653933532445,0.005161935261039784,0.9438439758074321,0.007768532610323619,0.31059730889639875,0.016650013365033224,0.8450939364606833,0.0056479031422803465,0.34386633212608775,0.028148098279651666,0.7590304047037423,0.007685715816195079
tb20,0.5624047151417455,0.007968215354886229,0.5891558573613019,0.006027125301056362,0.7092115132681879,0.013465600721287347,0.37769235255947564,0.01611743093349283,0.6435807376258719,0.007521735315319473,0.09188444606577414,0.017128012900481455,0.5688598392244928,0.008161874308271744
tb22,0.860057,2.4494897427992254e-06,0.0,0.0,0.0,0.0,1.0,0.0,0.0,0.0,0.0,0.0,0.5926535382004878,0.0010079142585529425
