,cresci2015,cresci2017,tb20,tb22
cresci2015,0.25539680657537295,0.016087524208253066,-0.012529079481939081,0.0
cresci2017,0.03928232944795507,0.1417743585578522,-0.030904232238120125,0.0
tb20,0.05897581582691225,-0.04264936572131532,0.07260356847335611,0.0008531286246960524
tb22,0.019527012813231225,-0.07193689309639627,0.012319233535214299,0.06845354672689934
