,cresci2015,cresci2017,gilani,crescirtbust,midterm,botometerfeedback,tb20,tb22
cresci2015,0.4147921997900795,0.0345224533694748,0.020574188217015628,0.01139454773437771,0.09106108380963117,-0.05246130748417666,0.016805552584645132,0.0
cresci2017,-0.010149690955858276,0.21190114824019057,-0.054807403593857405,-0.031077636670836437,-0.0009768797188136691,-0.0305698891994774,-0.040445756655283806,0.0
gilani,-0.013616302581454628,-0.047501092733349105,0.21073956446861616,0.05571729931226689,0.05542904491390459,-0.002633815733957857,0.0006346332584794467,0.0
crescirtbust,-0.009289243446887792,0.013588544660371427,-0.005413636911655277,0.319620771197185,0.0560610907520885,-0.10278805348387966,0.035108323101283055,-0.0005906033060798366
midterm,0.11492705969529919,-0.03509185739935435,0.01386830710705267,0.07221391402661058,0.36739993365591833,0.05288023029767823,0.02085323349337857,0.005530842541937352
botometerfeedback,-0.014818326286461042,-0.016175353742065347,-0.0006998586113488623,-0.006918574670688585,0.05922553867277088,0.4007433877448983,0.019925516829472276,0.0
tb20,0.08147071317135905,-0.05117345474082747,0.030600298966381362,-0.023404718398840518,0.14716044829313102,0.010735830272840486,0.10192313103089479,0.0026307737082350625
tb22,0.028576505451071526,-0.0905745676214064,0.054826297642607824,0.013959554150774423,0.2839148588201162,0.09469981816215446,0.04453366077695295,0.0929667370742239
