,cresci2015,cresci2017,gilani,crescirtbust,midterm,botometerfeedback,tb20,tb22
cresci2015,0.6814472365242372,0.07219649610309652,0.0009791980637704441,0.04536727371065082,0.14531269035974906,0.0,-0.001533384190055994,0.0
cresci2017,0.12374081645206202,0.48849931936232904,-0.03998683003656595,-0.006655583256397218,-0.010623838950004827,0.022959706631926795,-0.03437155090437866,0.0
gilani,-0.04201040187368141,-0.03334708966414066,0.5257059939867474,0.015592220748869463,0.05501564418864952,0.06115607452367585,0.028884996772317623,0.0
crescirtbust,-0.04559541803224113,-0.04881228074131196,0.002948527193967003,0.7649176535789208,0.036481603460201344,-0.07913669064748201,0.023995405607614404,-0.0026731662037715194
midterm,0.24343698313287457,-0.014821915634206102,0.026400000938666717,0.09935136591804795,0.5470806994257326,0.076847327936784,0.08433876290463695,0.005811470368282912
botometerfeedback,-0.09657475137233361,-0.04313163536387117,0.054038309456244916,-0.014705945960111436,0.13447254126905583,0.740598526968769,0.026479003916101532,0.015566258868331358
tb20,0.09410377406023196,-0.1060196630431548,0.014276975954209098,0.012804737604964377,0.24125310397343774,0.049507377148833714,0.27222831056577423,-0.0010913174824061442
tb22,0.09550395456460009,-0.18409991369931417,0.03542803621270505,-0.008860435331561254,0.4069032431791713,0.202072594216369,0.07381493185246196,0.15049083698804439
