,cresci2017,cresci2015,tb20,tb22
cresci2017,0.0,0.0,0.0,0.0
cresci2015,0.0,0.0,0.0,0.0
tb20,0.0,0.0,0.0,0.0
tb22,0.00372732399072691,-0.03684915932635966,0.03183337968739945,0.0
