,cresci2015,cresci2017,tb20,tb22
cresci2015,0.16364612371126677,0.015951835774610446,-0.022702987186291847,-0.00037352442573881955
cresci2017,-0.022782568935719887,0.03802654284546566,-0.003976628472799214,0.0
tb20,0.00854694346085654,-0.013645662388592548,0.01410968366655569,0.0009754017281994276
tb22,0.020291400973408168,-0.02282138012567093,0.011283441118695213,0.030483908125524935
