,cresci2017,cresci2015,tb20,tb22
cresci2017,0.5609730823592912,0.04578839589550281,-0.007592275903047829,0.0
cresci2015,0.0,0.0,0.0,0.0
tb20,0.0,0.0,0.0,0.0
tb22,0.09089001140551699,-0.12754905274893005,0.06298322615825612,0.03089811082207322
