,cresci2015,cresci2017,tb20,tb22
cresci2015,0.6922705537396632,0.08512305743715907,0.0032635226413476074,0.0
cresci2017,0.12196991510199161,0.49036186458827846,-0.039363890598726074,0.0
tb20,0.0915528486106377,-0.09977257145952383,0.2711022031110778,0.003669829287777348
tb22,0.09602081480649777,-0.17548564672078007,0.06894770221502164,0.15019414002459006
