,cresci2015,cresci2017,gilani,crescirtbust,midterm,botometerfeedback,tb20,tb22
cresci2015,0.2559638842201594,0.003689364265245321,-0.0006126747918824066,0.0694571823404735,0.04540044219072468,-0.11274893279862154,0.01291394665517432,0.0
cresci2017,-0.004446750812395256,0.15553806506784365,-0.03002261054596595,-0.019462473604038074,0.026924948732227772,-0.07647191129018725,0.00035166931797973443,0.0
gilani,0.03269885440373566,0.005048450854211993,0.05720616598781321,0.013837968120433275,0.00414637633372098,0.10263833169132727,-0.0013924095710184888,0.00272177324716449
crescirtbust,0.00918150236866423,-0.0043033384619608,-0.030131157364164777,0.12318520048407694,0.0011952989231038655,-0.007773455594513414,0.0005392852311492088,0.0
midterm,0.07704238208333056,-0.03211332831857203,0.05465742954102439,0.07537783614444091,0.24989633398872726,0.08605779746652349,0.032215836883817045,0.014885902635331575
botometerfeedback,-0.015898376783349898,-0.039386621920641726,-0.011925293385836524,0.0075443019639167075,0.04472448898630936,0.3330694114128305,0.008615482677364571,-0.00024111315450192356
tb20,-0.00629184408751447,-0.05405993576080646,0.048714660659542275,-0.06422725476593766,0.06317811499406299,-0.0012044687750665077,0.027659122253731582,-0.000511484172082311
tb22,-0.020660177820726856,-0.07404078900875789,0.04614443345442746,-0.002734343708098653,0.2101600338340824,0.03840359558111059,0.050396588913782,0.06895793013420295
