,cresci2015,cresci2017,gilani,crescirtbust,midterm,botometerfeedback,tb20,tb22
cresci2015,0.05304287194044497,0.000436694683899134,-0.032043952084135026,0.009335477171015724,0.017986589846366287,-0.007804881763180783,0.021641135144167982,-0.00041761372467951757
cresci2017,0.034808762574838066,0.04954360888725935,0.008661117101103531,0.08176316179301714,-0.005649348500241923,0.002443844870873123,0.009773833072674602,-0.000600363084047691
gilani,0.01809960062779186,0.005943864725186785,0.009921875620423654,0.14158902202190324,0.004602453245351446,-0.04013939192492974,0.022982241834533377,0.0
crescirtbust,-0.00668203347523154,-0.0016946863163070176,-0.008361958576132762,-0.02845168028730595,0.0,-0.02388581213000062,-0.0013702968570798622,0.0
midterm,-0.03338620406119832,-0.021316594457565806,0.008273720178570185,0.06334718207441606,0.10923294914740111,0.0351077699459913,-0.0033058824164726875,0.0031879458173352014
botometerfeedback,-0.010720285105402037,-0.010361678641704798,0.028498402914743624,-0.025854384499750957,0.0555946993359929,-0.02388581213000062,-0.007269511863586242,0.0
tb20,0.013498906889762687,-0.019409747122345552,-3.6418548825601206e-05,-0.01760175842070092,0.050682883926666075,-0.004228188071823365,0.030978987911377733,-0.0008352490825124497
tb22,-0.006127696205848339,-0.04194614555957498,-0.02299474848043929,0.016368975123392877,0.1005141787633758,0.14720142210063633,0.00022872950013979926,0.03305870734885332
