,cresci2015,cresci2017,gilani,crescirtbust,midterm,botometerfeedback,tb20,tb22
cresci2015,0.6954449722025337,0.08552667524390505,-0.027837623472861034,0.02909571869813232,0.14119878098054306,0.0,0.009627216240375706,0.0
cresci2017,0.13184072768156122,0.49217785977809086,-0.05036912714225019,0.007050124797126107,-0.015761720472740704,0.09901475429766743,-0.033078965368834035,0.0
gilani,-0.05123822277490762,-0.04399895667782096,0.5220976734194587,0.056582515211573835,0.05035957563696017,0.06939315030888374,0.020216964914391244,0.0
crescirtbust,-0.02607893977231066,-0.04861509688718927,0.004036526290967275,0.7354086365588972,0.049029139749286396,-0.07914488369964678,0.024415385432003563,-0.0018902105731535847
midterm,0.23719514412876017,-0.021167711126814953,0.020034565592946106,0.06669961288398127,0.5491239314662965,0.16346059950010217,0.08830992851801654,0.0066216622719763195
botometerfeedback,-0.008900840050063414,-0.06349592579189572,0.031183099007903187,-0.011846977555181847,0.04368962277732531,0.7614603264222568,0.03700469978592814,0.0
tb20,0.09255979048094355,-0.09504215024849572,0.04603068138884229,0.058556681314960654,0.2398765660002929,0.0922609731347581,0.2810016236063828,0.0032739524472184325
tb22,0.0868883174880162,-0.17384082966653497,0.03313498187945341,-0.02682387592774036,0.4111498287217017,0.18922231566536415,0.06660070077166381,0.14842396446057837
