,cresci2015,cresci2017,gilani,crescirtbust,midterm,botometerfeedback,tb20,tb22
cresci2015,0.5320781840965273,0.05329775497535941,-0.026639356330263958,0.03651483716701108,0.13458978143078493,-0.05363131839289356,-0.010133710198920851,0.0
cresci2017,0.022327069111174064,0.33149601138956186,-0.009662513866495836,0.02296576060873127,0.005764659654444843,-0.07580980435789035,-0.033258543244531015,0.0
gilani,-0.05906678865577604,-0.033794252846593556,0.320281498632743,0.03305160705514181,0.0016956398082019575,0.06032198077693117,0.0008497693894216102,0.0
crescirtbust,-0.01013906277890156,-0.02694470873440385,-0.005482929668033384,0.41615853131700087,0.06345449137972105,0.026095343896982936,0.02123676904927958,-0.0013366977283776561
midterm,0.17032388128361906,-0.01449867455314512,0.016232024857216077,0.07615059137569694,0.46459627377341106,0.08291734542398939,0.0699312841210461,0.0018846624583451054
botometerfeedback,0.012474988763018644,-0.02934764951509271,0.0590076130508266,-0.023728949893812475,0.0460561289514464,0.6301260378126045,0.03194593505330536,0.0
tb20,0.021096483036870364,-0.02948370023796212,0.005712561242981859,-0.026958193300859603,0.1319284514573398,0.06340957340177275,0.18230284179502199,0.00042266559449352794
tb22,0.08082377247192467,-0.12720011059815414,0.019314044591046582,-0.060036513303509266,0.36363872734032077,0.21218526212036481,0.06069313203702173,0.1249251333142521
