,cresci2017,cresci2015,tb20,tb22
cresci2017,0.6719196368993615,0.0300793790324735,0.0026739536301956155,0.004932104233916365
cresci2015,0.06188903192987905,0.46202727571466334,-0.05625519347582272,-0.00041249250156676965
tb20,0.09501123500019577,-0.12368529023229545,0.27912905385870684,0.0614249472018713
tb22,-0.0211318792748832,-0.1737248819149787,0.07587941229110833,0.14655308402601677
