dataset,accuracy,precision,recall,specificity,f1,mcc,roc_auc
cresci2015,0.612,0.6469115191986644,0.8297644539614561,0.25265017667844525,0.7270168855534709,0.09962173240779924,0.5412073153199507
cresci2017,0.37466666666666665,0.9678362573099415,0.2631160572337043,0.9545454545454546,0.41375,0.19083688194911372,0.6088307558895795
twibot20,0.43466666666666665,0.5194805194805194,0.0936768149882904,0.8854489164086687,0.15873015873015872,-0.03405442655016942,0.4895628656984796
twibot22,0.19666666666666666,0.11605124340617935,0.8279569892473119,0.10730593607305935,0.20356906807666889,-0.06679573183192661,0.4676314626601856
