dataset,accuracy,precision,recall,specificity,f1,mcc,roc_auc
cresci2015,0.482,0.48764044943820223,0.875,0.09523809523809523,0.6262626262626263,-0.04755820813129491,0.48511904761904756
cresci2017,0.6038781163434903,0.8167539267015707,0.28363636363636363,0.9343339587242027,0.42105263157894735,0.28591912423775534,0.6089851611802831
twibot20,0.494,0.45136186770428016,0.15803814713896458,0.8159268929503917,0.23410696266397574,-0.034539591913839436,0.48698252004467807
twibot22,0.43733333333333335,0.4490644490644491,0.579088471849866,0.29708222811671087,0.5058548009367683,-0.12909214907505678,0.4380853499832884
