dataset,accuracy,precision,recall,specificity,f1,mcc,roc_auc
cresci2015,0.19722814498933902,0.19172113289760348,0.9411764705882353,0.011984021304926764,0.31855203619909506,-0.12954383775445058,0.47658024594658105
cresci2017,0.6174298375184638,0.2537313432835821,0.5354330708661418,0.6363636363636364,0.34430379746835443,0.13714152984317582,0.5858983536148891
twibot20,0.67590618336887,0.16939890710382513,0.16939890710382513,0.7986754966887417,0.16939890710382513,-0.03192559620743314,0.4840372018962834
twibot22,0.2974413646055437,0.18119891008174388,0.6963350785340314,0.19544846050870146,0.2875675675675676,-0.10563484460993244,0.44589176952136644
