dataset,accuracy,precision,recall,specificity,f1,mcc,roc_auc
cresci2015,0.027704485488126648,0.008075370121130552,1.0,0.0199468085106383,0.01602136181575434,0.012691645340881581,0.5099734042553192
cresci2017,0.07678244972577697,0.011741682974559686,1.0,0.066543438077634,0.023210831721470017,0.02795231571703536,0.533271719038817
twibot20,0.6503957783641161,0.0038314176245210726,0.16666666666666666,0.6542553191489362,0.007490636704119849,-0.03339860805801911,0.4104609929078014
twibot22,0.24802110817941952,0.012152777777777778,0.875,0.24133333333333334,0.02397260273972603,0.027831259564633594,0.5581666666666667
