dataset,accuracy,precision,recall,specificity,f1,mcc,roc_auc
cresci2015,0.059569074778200254,0.047619047619047616,0.9487179487179487,0.013333333333333334,0.0906862745098039,-0.06721387146790844,0.481025641025641
cresci2017,0.23333333333333334,0.06073752711496746,0.875,0.19516728624535315,0.11359026369168357,0.041071171966206146,0.5350836431226766
twibot20,0.7300380228136882,0.05128205128205128,0.2631578947368421,0.7536617842876165,0.08583690987124463,0.00834870167021053,0.5084098395122293
twibot22,0.12420785804816223,0.04861111111111111,0.8536585365853658,0.08422459893048129,0.09198423127463862,-0.048804678828672475,0.46894156775792356
