dataset,accuracy,precision,recall,specificity,f1,mcc,roc_auc
cresci2015,0.13445378151260504,0.08717948717948718,0.8831168831168831,0.0582010582010582,0.1586931155192532,-0.0696348052834769,0.47065897065897067
cresci2017,0.1461794019933555,0.09734513274336283,0.9322033898305084,0.06077348066298342,0.1762820512820513,-0.00869423773898335,0.4964884352467459
twibot20,0.6626650660264105,0.07017543859649122,0.18823529411764706,0.7165775401069518,0.10223642172523961,-0.06462395698267961,0.45240641711229945
twibot22,0.35414165666266506,0.0933572710951526,0.611764705882353,0.32486631016042783,0.16199376947040497,-0.0407525573233448,0.4683155080213904
